{
  "project_info": {
    "project_number": "1082282246937",
    "firebase_url": "https://inclass10-8fa18.firebaseio.com",
    "project_id": "inclass10-8fa18",
    "storage_bucket": "inclass10-8fa18.appspot.com"
  },
  "client": [
    {
      "client_info": {
        "mobilesdk_app_id": "1:1082282246937:android:7a84009eb4e01e73",
        "android_client_info": {
          "package_name": "com.example.finalexam"
        }
      },
      "oauth_client": [
        {
          "client_id": "1082282246937-0bqq46qpk0emsrts1igs22bs1ooeogd1.apps.googleusercontent.com",
          "client_type": 1,
          "android_info": {
            "package_name": "com.example.finalexam",
            "certificate_hash": "2cae6b94ad02e924acd8c4e6778997b487093486"
          }
        },
        {
          "client_id": "1082282246937-6p8h6r10tkna1c9dgk80i1qnqrlm7rp8.apps.googleusercontent.com",
          "client_type": 3
        }
      ],
      "api_key": [
        {
          "current_key": "AIzaSyBhOic9bConRnMfGJFJDixdvtFQjl8mFCs"
        }
      ],
      "services": {
        "analytics_service": {
          "status": 1
        },
        "appinvite_service": {
          "status": 2,
          "other_platform_oauth_client": [
            {
              "client_id": "1082282246937-6p8h6r10tkna1c9dgk80i1qnqrlm7rp8.apps.googleusercontent.com",
              "client_type": 3
            }
          ]
        },
        "ads_service": {
          "status": 2
        }
      }
    }
  ],
  "configuration_version": "1"
}