{
  "project_info": {
    "project_number": "425310153642",
    "firebase_url": "https://inclass9-6b11f.firebaseio.com",
    "project_id": "inclass9-6b11f",
    "storage_bucket": "inclass9-6b11f.appspot.com"
  },
  "client": [
    {
      "client_info": {
        "mobilesdk_app_id": "1:425310153642:android:7c026f3dad6e2ff0",
        "android_client_info": {
          "package_name": "com.example.sachi.inclass9"
        }
      },
      "oauth_client": [
        {
          "client_id": "425310153642-913nojr1kbhuj5j883vmpvj3s6ilieme.apps.googleusercontent.com",
          "client_type": 1,
          "android_info": {
            "package_name": "com.example.sachi.inclass9",
            "certificate_hash": "2cae6b94ad02e924acd8c4e6778997b487093486"
          }
        },
        {
          "client_id": "425310153642-honp6mm1m1nfl0dtljmpm8icqolo09q9.apps.googleusercontent.com",
          "client_type": 3
        }
      ],
      "api_key": [
        {
          "current_key": "AIzaSyA8iKzDcP3j2PqML0rr-iwfkJ2P9k1WPUs"
        }
      ],
      "services": {
        "analytics_service": {
          "status": 1
        },
        "appinvite_service": {
          "status": 2,
          "other_platform_oauth_client": [
            {
              "client_id": "425310153642-honp6mm1m1nfl0dtljmpm8icqolo09q9.apps.googleusercontent.com",
              "client_type": 3
            }
          ]
        },
        "ads_service": {
          "status": 2
        }
      }
    }
  ],
  "configuration_version": "1"
}